order_id,product,price,conversion,order_date,campaign
1,Frypan,75000,1,2025-01-01 00:00:00,Social
2,Frypan,75000,1,2025-01-01 01:00:00,Social
3,Frypan,75000,1,2025-01-01 02:00:00,Social
4,Frypan,75000,1,2025-01-01 03:00:00,Social
5,Frypan,75000,1,2025-01-01 04:00:00,Social
6,Frypan,75000,1,2025-01-01 05:00:00,Social
7,Frypan,75000,1,2025-01-01 06:00:00,Social
8,Frypan,75000,1,2025-01-01 07:00:00,Social
9,Frypan,75000,1,2025-01-01 08:00:00,Social
10,Frypan,75000,1,2025-01-01 09:00:00,Social
11,Frypan,75000,1,2025-01-01 10:00:00,Social
12,Frypan,75000,1,2025-01-01 11:00:00,Social
13,Frypan,75000,1,2025-01-01 12:00:00,Social
14,Frypan,75000,1,2025-01-01 13:00:00,Social
15,Frypan,75000,1,2025-01-01 14:00:00,Social
16,Frypan,75000,1,2025-01-01 15:00:00,Social
17,Frypan,75000,1,2025-01-01 16:00:00,Social
18,Frypan,75000,1,2025-01-01 17:00:00,Social
19,Frypan,75000,1,2025-01-01 18:00:00,Social
20,Frypan,75000,1,2025-01-01 19:00:00,Social
21,Frypan,75000,1,2025-01-01 20:00:00,Social
22,Frypan,75000,1,2025-01-01 21:00:00,Social
23,Frypan,75000,1,2025-01-01 22:00:00,Social
24,Frypan,75000,1,2025-01-01 23:00:00,Social
25,Frypan,75000,1,2025-01-02 00:00:00,Social
26,Frypan,75000,1,2025-01-02 01:00:00,Social
27,Frypan,75000,1,2025-01-02 02:00:00,Social
28,Frypan,75000,1,2025-01-02 03:00:00,Social
29,Frypan,75000,1,2025-01-02 04:00:00,Social
30,Frypan,75000,1,2025-01-02 05:00:00,Social
31,Frypan,75000,1,2025-01-02 06:00:00,Social
32,Frypan,75000,1,2025-01-02 07:00:00,Social
33,Frypan,75000,1,2025-01-02 08:00:00,Social
34,Frypan,75000,1,2025-01-02 09:00:00,Social
35,Frypan,75000,1,2025-01-02 10:00:00,Social
36,Frypan,75000,1,2025-01-02 11:00:00,Social
37,Frypan,75000,1,2025-01-02 12:00:00,Social
38,Frypan,75000,1,2025-01-02 13:00:00,Social
39,Frypan,75000,1,2025-01-02 14:00:00,Social
40,Frypan,75000,1,2025-01-02 15:00:00,Social
41,Frypan,75000,1,2025-01-02 16:00:00,Social
42,Frypan,75000,1,2025-01-02 17:00:00,Social
43,Frypan,75000,1,2025-01-02 18:00:00,Social
44,Frypan,75000,1,2025-01-02 19:00:00,Social
45,Frypan,75000,1,2025-01-02 20:00:00,Social
46,Frypan,75000,1,2025-01-02 21:00:00,Social
47,Frypan,75000,1,2025-01-02 22:00:00,Social
48,Frypan,75000,1,2025-01-02 23:00:00,Social
49,Frypan,75000,1,2025-01-03 00:00:00,Social
50,Frypan,75000,1,2025-01-03 01:00:00,Social
51,Frypan,75000,1,2025-01-03 02:00:00,Social
52,Frypan,75000,1,2025-01-03 03:00:00,Social
53,Frypan,75000,1,2025-01-03 04:00:00,Social
54,Frypan,75000,1,2025-01-03 05:00:00,Social
55,Frypan,75000,1,2025-01-03 06:00:00,Social
56,Frypan,75000,1,2025-01-03 07:00:00,Social
57,Frypan,75000,1,2025-01-03 08:00:00,Social
58,Frypan,75000,1,2025-01-03 09:00:00,Social
59,Frypan,75000,1,2025-01-03 10:00:00,Social
60,Frypan,75000,1,2025-01-03 11:00:00,Social
61,Frypan,75000,1,2025-01-03 12:00:00,Social
62,Frypan,75000,1,2025-01-03 13:00:00,Social
63,Frypan,75000,1,2025-01-03 14:00:00,Social
64,Frypan,75000,1,2025-01-03 15:00:00,Social
65,Frypan,75000,1,2025-01-03 16:00:00,Social
66,Frypan,75000,1,2025-01-03 17:00:00,Social
67,Frypan,75000,1,2025-01-03 18:00:00,Social
68,Frypan,75000,1,2025-01-03 19:00:00,Social
69,Frypan,75000,1,2025-01-03 20:00:00,Social
70,Frypan,75000,1,2025-01-03 21:00:00,Social
71,Frypan,75000,1,2025-01-03 22:00:00,Social
72,Frypan,75000,1,2025-01-03 23:00:00,Social
73,Frypan,75000,1,2025-01-04 00:00:00,Social
74,Frypan,75000,1,2025-01-04 01:00:00,Social
75,Frypan,75000,1,2025-01-04 02:00:00,Social
76,Frypan,75000,1,2025-01-04 03:00:00,Social
77,Frypan,75000,1,2025-01-04 04:00:00,Social
78,Frypan,75000,1,2025-01-04 05:00:00,Social
79,Frypan,75000,1,2025-01-04 06:00:00,Social
80,Frypan,75000,1,2025-01-04 07:00:00,Social
81,Frypan,75000,1,2025-01-04 08:00:00,Social
82,Frypan,75000,1,2025-01-04 09:00:00,Social
83,Frypan,75000,1,2025-01-04 10:00:00,Social
84,Frypan,75000,1,2025-01-04 11:00:00,Social
85,Frypan,75000,1,2025-01-04 12:00:00,Social
86,Frypan,75000,1,2025-01-04 13:00:00,Social
87,Frypan,75000,1,2025-01-04 14:00:00,Social
88,Frypan,75000,1,2025-01-04 15:00:00,Social
89,Frypan,75000,1,2025-01-04 16:00:00,Social
90,Frypan,75000,1,2025-01-04 17:00:00,Social
91,Frypan,75000,1,2025-01-04 18:00:00,Social
92,Frypan,75000,1,2025-01-04 19:00:00,Social
93,Frypan,75000,1,2025-01-04 20:00:00,Social
94,Frypan,75000,1,2025-01-04 21:00:00,Social
95,Frypan,75000,1,2025-01-04 22:00:00,Social
96,Frypan,75000,1,2025-01-04 23:00:00,Social
97,Frypan,75000,1,2025-01-05 00:00:00,Social
98,Frypan,75000,1,2025-01-05 01:00:00,Social
99,Frypan,75000,1,2025-01-05 02:00:00,Social
100,Frypan,75000,1,2025-01-05 03:00:00,Social
101,Frypan,75000,1,2025-01-05 04:00:00,Social
102,Frypan,75000,1,2025-01-05 05:00:00,Social
103,Frypan,75000,1,2025-01-05 06:00:00,Social
104,Frypan,75000,1,2025-01-05 07:00:00,Social
105,Frypan,75000,1,2025-01-05 08:00:00,Social
106,Frypan,75000,1,2025-01-05 09:00:00,Social
107,Frypan,75000,1,2025-01-05 10:00:00,Social
108,Frypan,75000,1,2025-01-05 11:00:00,Social
109,Frypan,75000,1,2025-01-05 12:00:00,Social
110,Frypan,75000,1,2025-01-05 13:00:00,Social
111,Frypan,75000,1,2025-01-05 14:00:00,Social
112,Frypan,75000,1,2025-01-05 15:00:00,Social
113,Frypan,75000,1,2025-01-05 16:00:00,Social
114,Frypan,75000,1,2025-01-05 17:00:00,Social
115,Frypan,75000,1,2025-01-05 18:00:00,Social
116,Frypan,75000,1,2025-01-05 19:00:00,Social
117,Frypan,75000,1,2025-01-05 20:00:00,Social
118,Frypan,75000,1,2025-01-05 21:00:00,Social
119,Frypan,75000,1,2025-01-05 22:00:00,Social
120,Frypan,75000,1,2025-01-05 23:00:00,Social
121,Frypan,75000,1,2025-01-06 00:00:00,Social
122,Frypan,75000,1,2025-01-06 01:00:00,Social
123,Frypan,75000,1,2025-01-06 02:00:00,Social
124,Frypan,75000,1,2025-01-06 03:00:00,Social
125,Frypan,75000,1,2025-01-06 04:00:00,Social
126,Frypan,75000,1,2025-01-06 05:00:00,Social
127,Frypan,75000,1,2025-01-06 06:00:00,Social
128,Frypan,75000,1,2025-01-06 07:00:00,Social
129,Frypan,75000,1,2025-01-06 08:00:00,Social
130,Frypan,75000,1,2025-01-06 09:00:00,Social
131,Frypan,75000,1,2025-01-06 10:00:00,Social
132,Frypan,75000,1,2025-01-06 11:00:00,Social
133,Frypan,75000,1,2025-01-06 12:00:00,Social
134,Frypan,75000,1,2025-01-06 13:00:00,Social
135,Frypan,75000,1,2025-01-06 14:00:00,Social
136,Frypan,75000,1,2025-01-06 15:00:00,Social
137,Frypan,75000,1,2025-01-06 16:00:00,Social
138,Frypan,75000,1,2025-01-06 17:00:00,Social
139,Frypan,75000,1,2025-01-06 18:00:00,Social
140,Frypan,75000,1,2025-01-06 19:00:00,Social
141,Frypan,75000,1,2025-01-06 20:00:00,Social
142,Frypan,75000,1,2025-01-06 21:00:00,Social
143,Frypan,75000,1,2025-01-06 22:00:00,Social
144,Frypan,75000,1,2025-01-06 23:00:00,Social
145,Frypan,75000,1,2025-01-07 00:00:00,Social
146,Frypan,75000,1,2025-01-07 01:00:00,Social
147,Frypan,75000,1,2025-01-07 02:00:00,Social
148,Frypan,75000,1,2025-01-07 03:00:00,Social
149,Frypan,75000,1,2025-01-07 04:00:00,Social
150,Frypan,75000,1,2025-01-07 05:00:00,Social
151,Frypan,75000,1,2025-01-07 06:00:00,Social
152,Frypan,75000,1,2025-01-07 07:00:00,Social
153,Frypan,75000,1,2025-01-07 08:00:00,Social
154,Frypan,75000,1,2025-01-07 09:00:00,Social
155,Frypan,75000,1,2025-01-07 10:00:00,Social
156,Frypan,75000,1,2025-01-07 11:00:00,Social
157,Frypan,75000,1,2025-01-07 12:00:00,Social
158,Frypan,75000,1,2025-01-07 13:00:00,Social
159,Frypan,75000,1,2025-01-07 14:00:00,Social
160,Frypan,75000,1,2025-01-07 15:00:00,Social
161,Frypan,75000,1,2025-01-07 16:00:00,Social
162,Frypan,75000,1,2025-01-07 17:00:00,Social
163,Frypan,75000,1,2025-01-07 18:00:00,Social
164,Frypan,75000,1,2025-01-07 19:00:00,Social
165,Frypan,75000,1,2025-01-07 20:00:00,Social
166,Frypan,75000,1,2025-01-07 21:00:00,Social
167,Frypan,75000,1,2025-01-07 22:00:00,Social
168,Frypan,75000,1,2025-01-07 23:00:00,Social
169,Frypan,75000,1,2025-01-08 00:00:00,Social
170,Frypan,75000,1,2025-01-08 01:00:00,Social
171,Frypan,75000,1,2025-01-08 02:00:00,Social
172,Frypan,75000,1,2025-01-08 03:00:00,Social
173,Frypan,75000,1,2025-01-08 04:00:00,Social
174,Frypan,75000,1,2025-01-08 05:00:00,Social
175,Frypan,75000,1,2025-01-08 06:00:00,Social
176,Frypan,75000,1,2025-01-08 07:00:00,Social
177,Frypan,75000,1,2025-01-08 08:00:00,Social
178,Frypan,75000,1,2025-01-08 09:00:00,Social
179,Frypan,75000,1,2025-01-08 10:00:00,Social
180,Frypan,75000,1,2025-01-08 11:00:00,Social
181,Frypan,75000,1,2025-01-08 12:00:00,Social
182,Frypan,75000,1,2025-01-08 13:00:00,Social
183,Frypan,75000,1,2025-01-08 14:00:00,Social
184,Frypan,75000,1,2025-01-08 15:00:00,Social
185,Frypan,75000,1,2025-01-08 16:00:00,Social
186,Frypan,75000,1,2025-01-08 17:00:00,Social
187,Frypan,75000,1,2025-01-08 18:00:00,Social
188,Frypan,75000,1,2025-01-08 19:00:00,Social
189,Frypan,75000,1,2025-01-08 20:00:00,Social
190,Frypan,75000,1,2025-01-08 21:00:00,Social
191,Frypan,75000,1,2025-01-08 22:00:00,Social
192,Frypan,75000,1,2025-01-08 23:00:00,Social
193,Frypan,75000,1,2025-01-09 00:00:00,Social
194,Frypan,75000,1,2025-01-09 01:00:00,Social
195,Frypan,75000,1,2025-01-09 02:00:00,Social
196,Frypan,75000,1,2025-01-09 03:00:00,Social
197,Frypan,75000,1,2025-01-09 04:00:00,Social
198,Frypan,75000,1,2025-01-09 05:00:00,Social
199,Frypan,75000,1,2025-01-09 06:00:00,Social
200,Frypan,75000,1,2025-01-09 07:00:00,Social
201,Frypan,75000,1,2025-01-09 08:00:00,Social
202,Frypan,75000,1,2025-01-09 09:00:00,Social
203,Frypan,75000,1,2025-01-09 10:00:00,Social
204,Frypan,75000,1,2025-01-09 11:00:00,Social
205,Frypan,75000,1,2025-01-09 12:00:00,Social
206,Frypan,75000,1,2025-01-09 13:00:00,Social
207,Frypan,75000,1,2025-01-09 14:00:00,Social
208,Frypan,75000,1,2025-01-09 15:00:00,Social
209,Frypan,75000,1,2025-01-09 16:00:00,Social
210,Frypan,75000,1,2025-01-09 17:00:00,Social
211,Frypan,75000,1,2025-01-09 18:00:00,Social
212,Frypan,75000,1,2025-01-09 19:00:00,Social
213,Frypan,75000,1,2025-01-09 20:00:00,Social
214,Frypan,75000,1,2025-01-09 21:00:00,Social
215,Frypan,75000,1,2025-01-09 22:00:00,Social
216,Frypan,75000,1,2025-01-09 23:00:00,Social
217,Frypan,75000,1,2025-01-10 00:00:00,Social
218,Frypan,75000,1,2025-01-10 01:00:00,Social
219,Frypan,75000,1,2025-01-10 02:00:00,Social
220,Frypan,75000,1,2025-01-10 03:00:00,Social
221,Frypan,75000,1,2025-01-10 04:00:00,Social
222,Frypan,75000,1,2025-01-10 05:00:00,Social
223,Frypan,75000,1,2025-01-10 06:00:00,Social
224,Frypan,75000,1,2025-01-10 07:00:00,Social
225,Frypan,75000,1,2025-01-10 08:00:00,Social
226,Frypan,75000,1,2025-01-10 09:00:00,Social
227,Frypan,75000,1,2025-01-10 10:00:00,Social
228,Frypan,75000,1,2025-01-10 11:00:00,Social
229,Frypan,75000,1,2025-01-10 12:00:00,Social
230,Frypan,75000,1,2025-01-10 13:00:00,Social
231,Frypan,75000,1,2025-01-10 14:00:00,Social
232,Frypan,75000,1,2025-01-10 15:00:00,Social
233,Frypan,75000,1,2025-01-10 16:00:00,Social
234,Frypan,75000,1,2025-01-10 17:00:00,Social
235,Frypan,75000,1,2025-01-10 18:00:00,Social
236,Frypan,75000,1,2025-01-10 19:00:00,Social
237,Frypan,75000,1,2025-01-10 20:00:00,Social
238,Frypan,75000,1,2025-01-10 21:00:00,Social
239,Frypan,75000,1,2025-01-10 22:00:00,Social
240,Frypan,75000,1,2025-01-10 23:00:00,Social
241,Frypan,75000,0,2025-01-11 00:00:00,Social
242,Frypan,75000,0,2025-01-11 01:00:00,Social
243,Frypan,75000,0,2025-01-11 02:00:00,Social
244,Frypan,75000,0,2025-01-11 03:00:00,Social
245,Frypan,75000,0,2025-01-11 04:00:00,Social
246,Frypan,75000,0,2025-01-11 05:00:00,Social
247,Frypan,75000,0,2025-01-11 06:00:00,Social
248,Frypan,75000,0,2025-01-11 07:00:00,Social
249,Frypan,75000,0,2025-01-11 08:00:00,Social
250,Frypan,75000,0,2025-01-11 09:00:00,Social
251,Frypan,75000,0,2025-01-11 10:00:00,Social
252,Frypan,75000,0,2025-01-11 11:00:00,Social
253,Frypan,75000,0,2025-01-11 12:00:00,Social
254,Frypan,75000,0,2025-01-11 13:00:00,Social
255,Frypan,75000,0,2025-01-11 14:00:00,Social
256,Frypan,75000,0,2025-01-11 15:00:00,Social
257,Frypan,75000,0,2025-01-11 16:00:00,Social
258,Frypan,75000,0,2025-01-11 17:00:00,Social
259,Frypan,75000,0,2025-01-11 18:00:00,Social
260,Frypan,75000,0,2025-01-11 19:00:00,Social
261,Frypan,75000,0,2025-01-11 20:00:00,Social
262,Frypan,75000,0,2025-01-11 21:00:00,Social
263,Frypan,75000,0,2025-01-11 22:00:00,Social
264,Frypan,75000,0,2025-01-11 23:00:00,Social
265,Frypan,75000,0,2025-01-12 00:00:00,Social
266,Frypan,75000,0,2025-01-12 01:00:00,Social
267,Frypan,75000,0,2025-01-12 02:00:00,Social
268,Frypan,75000,0,2025-01-12 03:00:00,Social
269,Frypan,75000,0,2025-01-12 04:00:00,Social
270,Frypan,75000,0,2025-01-12 05:00:00,Social
271,Frypan,75000,0,2025-01-12 06:00:00,Social
272,Frypan,75000,0,2025-01-12 07:00:00,Social
273,Frypan,75000,0,2025-01-12 08:00:00,Social
274,Frypan,75000,0,2025-01-12 09:00:00,Social
275,Frypan,75000,0,2025-01-12 10:00:00,Social
276,Frypan,75000,0,2025-01-12 11:00:00,Social
277,Frypan,75000,0,2025-01-12 12:00:00,Social
278,Frypan,75000,0,2025-01-12 13:00:00,Social
279,Frypan,75000,0,2025-01-12 14:00:00,Social
280,Frypan,75000,0,2025-01-12 15:00:00,Social
281,Frypan,75000,0,2025-01-12 16:00:00,Social
282,Frypan,75000,0,2025-01-12 17:00:00,Social
283,Frypan,75000,0,2025-01-12 18:00:00,Social
284,Frypan,75000,0,2025-01-12 19:00:00,Social
285,Frypan,75000,0,2025-01-12 20:00:00,Social
286,Frypan,75000,0,2025-01-12 21:00:00,Social
287,Frypan,75000,0,2025-01-12 22:00:00,Social
288,Frypan,75000,0,2025-01-12 23:00:00,Social
289,Frypan,75000,0,2025-01-13 00:00:00,Social
290,Frypan,75000,0,2025-01-13 01:00:00,Social
291,Frypan,75000,0,2025-01-13 02:00:00,Social
292,Frypan,75000,0,2025-01-13 03:00:00,Social
293,Frypan,75000,0,2025-01-13 04:00:00,Social
294,Frypan,75000,0,2025-01-13 05:00:00,Social
295,Frypan,75000,0,2025-01-13 06:00:00,Social
296,Frypan,75000,0,2025-01-13 07:00:00,Social
297,Frypan,75000,0,2025-01-13 08:00:00,Social
298,Frypan,75000,0,2025-01-13 09:00:00,Social
299,Frypan,75000,0,2025-01-13 10:00:00,Social
300,Frypan,75000,0,2025-01-13 11:00:00,Social
301,Knife,45000,1,2025-01-13 12:00:00,Social
302,Knife,45000,1,2025-01-13 13:00:00,Social
303,Knife,45000,1,2025-01-13 14:00:00,Social
304,Knife,45000,1,2025-01-13 15:00:00,Social
305,Knife,45000,1,2025-01-13 16:00:00,Social
306,Knife,45000,1,2025-01-13 17:00:00,Social
307,Knife,45000,1,2025-01-13 18:00:00,Social
308,Knife,45000,1,2025-01-13 19:00:00,Social
309,Knife,45000,1,2025-01-13 20:00:00,Social
310,Knife,45000,1,2025-01-13 21:00:00,Social
311,Knife,45000,1,2025-01-13 22:00:00,Social
312,Knife,45000,1,2025-01-13 23:00:00,Social
313,Knife,45000,1,2025-01-14 00:00:00,Social
314,Knife,45000,1,2025-01-14 01:00:00,Social
315,Knife,45000,1,2025-01-14 02:00:00,Social
316,Knife,45000,1,2025-01-14 03:00:00,Social
317,Knife,45000,1,2025-01-14 04:00:00,Social
318,Knife,45000,1,2025-01-14 05:00:00,Social
319,Knife,45000,1,2025-01-14 06:00:00,Social
320,Knife,45000,1,2025-01-14 07:00:00,Social
321,Knife,45000,1,2025-01-14 08:00:00,Social
322,Knife,45000,1,2025-01-14 09:00:00,Social
323,Knife,45000,1,2025-01-14 10:00:00,Social
324,Knife,45000,1,2025-01-14 11:00:00,Social
325,Knife,45000,1,2025-01-14 12:00:00,Social
326,Knife,45000,1,2025-01-14 13:00:00,Social
327,Knife,45000,1,2025-01-14 14:00:00,Social
328,Knife,45000,1,2025-01-14 15:00:00,Social
329,Knife,45000,1,2025-01-14 16:00:00,Social
330,Knife,45000,1,2025-01-14 17:00:00,Social
331,Knife,45000,1,2025-01-14 18:00:00,Social
332,Knife,45000,1,2025-01-14 19:00:00,Social
333,Knife,45000,1,2025-01-14 20:00:00,Social
334,Knife,45000,1,2025-01-14 21:00:00,Social
335,Knife,45000,1,2025-01-14 22:00:00,Social
336,Knife,45000,1,2025-01-14 23:00:00,Social
337,Knife,45000,1,2025-01-15 00:00:00,Social
338,Knife,45000,1,2025-01-15 01:00:00,Social
339,Knife,45000,1,2025-01-15 02:00:00,Social
340,Knife,45000,1,2025-01-15 03:00:00,Social
341,Knife,45000,1,2025-01-15 04:00:00,Social
342,Knife,45000,1,2025-01-15 05:00:00,Social
343,Knife,45000,1,2025-01-15 06:00:00,Social
344,Knife,45000,1,2025-01-15 07:00:00,Social
345,Knife,45000,1,2025-01-15 08:00:00,Social
346,Knife,45000,1,2025-01-15 09:00:00,Social
347,Knife,45000,1,2025-01-15 10:00:00,Social
348,Knife,45000,1,2025-01-15 11:00:00,Social
349,Knife,45000,1,2025-01-15 12:00:00,Social
350,Knife,45000,1,2025-01-15 13:00:00,Social
351,Knife,45000,1,2025-01-15 14:00:00,Social
352,Knife,45000,1,2025-01-15 15:00:00,Social
353,Knife,45000,1,2025-01-15 16:00:00,Social
354,Knife,45000,1,2025-01-15 17:00:00,Social
355,Knife,45000,1,2025-01-15 18:00:00,Social
356,Knife,45000,1,2025-01-15 19:00:00,Social
357,Knife,45000,1,2025-01-15 20:00:00,Social
358,Knife,45000,1,2025-01-15 21:00:00,Social
359,Knife,45000,1,2025-01-15 22:00:00,Social
360,Knife,45000,1,2025-01-15 23:00:00,Social
361,Knife,45000,1,2025-01-16 00:00:00,Social
362,Knife,45000,1,2025-01-16 01:00:00,Social
363,Knife,45000,1,2025-01-16 02:00:00,Social
364,Knife,45000,1,2025-01-16 03:00:00,Social
365,Knife,45000,1,2025-01-16 04:00:00,Social
366,Knife,45000,1,2025-01-16 05:00:00,Social
367,Knife,45000,1,2025-01-16 06:00:00,Social
368,Knife,45000,1,2025-01-16 07:00:00,Social
369,Knife,45000,1,2025-01-16 08:00:00,Social
370,Knife,45000,1,2025-01-16 09:00:00,Social
371,Knife,45000,1,2025-01-16 10:00:00,Social
372,Knife,45000,1,2025-01-16 11:00:00,Social
373,Knife,45000,1,2025-01-16 12:00:00,Social
374,Knife,45000,1,2025-01-16 13:00:00,Social
375,Knife,45000,1,2025-01-16 14:00:00,Social
376,Knife,45000,1,2025-01-16 15:00:00,Social
377,Knife,45000,1,2025-01-16 16:00:00,Social
378,Knife,45000,1,2025-01-16 17:00:00,Social
379,Knife,45000,1,2025-01-16 18:00:00,Social
380,Knife,45000,1,2025-01-16 19:00:00,Social
381,Knife,45000,1,2025-01-16 20:00:00,Social
382,Knife,45000,1,2025-01-16 21:00:00,Social
383,Knife,45000,1,2025-01-16 22:00:00,Social
384,Knife,45000,1,2025-01-16 23:00:00,Social
385,Knife,45000,1,2025-01-17 00:00:00,Social
386,Knife,45000,1,2025-01-17 01:00:00,Social
387,Knife,45000,1,2025-01-17 02:00:00,Social
388,Knife,45000,1,2025-01-17 03:00:00,Social
389,Knife,45000,1,2025-01-17 04:00:00,Social
390,Knife,45000,1,2025-01-17 05:00:00,Social
391,Knife,45000,1,2025-01-17 06:00:00,Social
392,Knife,45000,1,2025-01-17 07:00:00,Social
393,Knife,45000,1,2025-01-17 08:00:00,Social
394,Knife,45000,1,2025-01-17 09:00:00,Social
395,Knife,45000,1,2025-01-17 10:00:00,Social
396,Knife,45000,1,2025-01-17 11:00:00,Social
397,Knife,45000,1,2025-01-17 12:00:00,Social
398,Knife,45000,1,2025-01-17 13:00:00,Social
399,Knife,45000,1,2025-01-17 14:00:00,Social
400,Knife,45000,1,2025-01-17 15:00:00,Social
401,Knife,45000,1,2025-01-17 16:00:00,Search
402,Knife,45000,1,2025-01-17 17:00:00,Search
403,Knife,45000,1,2025-01-17 18:00:00,Search
404,Knife,45000,1,2025-01-17 19:00:00,Search
405,Knife,45000,1,2025-01-17 20:00:00,Search
406,Knife,45000,1,2025-01-17 21:00:00,Search
407,Knife,45000,1,2025-01-17 22:00:00,Search
408,Knife,45000,1,2025-01-17 23:00:00,Search
409,Knife,45000,1,2025-01-18 00:00:00,Search
410,Knife,45000,1,2025-01-18 01:00:00,Search
411,Knife,45000,1,2025-01-18 02:00:00,Search
412,Knife,45000,1,2025-01-18 03:00:00,Search
413,Knife,45000,1,2025-01-18 04:00:00,Search
414,Knife,45000,1,2025-01-18 05:00:00,Search
415,Knife,45000,1,2025-01-18 06:00:00,Search
416,Knife,45000,1,2025-01-18 07:00:00,Search
417,Knife,45000,1,2025-01-18 08:00:00,Search
418,Knife,45000,1,2025-01-18 09:00:00,Search
419,Knife,45000,1,2025-01-18 10:00:00,Search
420,Knife,45000,1,2025-01-18 11:00:00,Search
421,Knife,45000,1,2025-01-18 12:00:00,Search
422,Knife,45000,1,2025-01-18 13:00:00,Search
423,Knife,45000,1,2025-01-18 14:00:00,Search
424,Knife,45000,1,2025-01-18 15:00:00,Search
425,Knife,45000,1,2025-01-18 16:00:00,Search
426,Knife,45000,1,2025-01-18 17:00:00,Search
427,Knife,45000,1,2025-01-18 18:00:00,Search
428,Knife,45000,1,2025-01-18 19:00:00,Search
429,Knife,45000,1,2025-01-18 20:00:00,Search
430,Knife,45000,1,2025-01-18 21:00:00,Search
431,Knife,45000,1,2025-01-18 22:00:00,Search
432,Knife,45000,1,2025-01-18 23:00:00,Search
433,Knife,45000,1,2025-01-19 00:00:00,Search
434,Knife,45000,1,2025-01-19 01:00:00,Search
435,Knife,45000,1,2025-01-19 02:00:00,Search
436,Knife,45000,1,2025-01-19 03:00:00,Search
437,Knife,45000,1,2025-01-19 04:00:00,Search
438,Knife,45000,1,2025-01-19 05:00:00,Search
439,Knife,45000,1,2025-01-19 06:00:00,Search
440,Knife,45000,1,2025-01-19 07:00:00,Search
441,Knife,45000,1,2025-01-19 08:00:00,Search
442,Knife,45000,1,2025-01-19 09:00:00,Search
443,Knife,45000,1,2025-01-19 10:00:00,Search
444,Knife,45000,1,2025-01-19 11:00:00,Search
445,Knife,45000,1,2025-01-19 12:00:00,Search
446,Knife,45000,1,2025-01-19 13:00:00,Search
447,Knife,45000,1,2025-01-19 14:00:00,Search
448,Knife,45000,1,2025-01-19 15:00:00,Search
449,Knife,45000,1,2025-01-19 16:00:00,Search
450,Knife,45000,1,2025-01-19 17:00:00,Search
451,Knife,45000,1,2025-01-19 18:00:00,Search
452,Knife,45000,1,2025-01-19 19:00:00,Search
453,Knife,45000,1,2025-01-19 20:00:00,Search
454,Knife,45000,1,2025-01-19 21:00:00,Search
455,Knife,45000,1,2025-01-19 22:00:00,Search
456,Knife,45000,1,2025-01-19 23:00:00,Search
457,Knife,45000,1,2025-01-20 00:00:00,Search
458,Knife,45000,1,2025-01-20 01:00:00,Search
459,Knife,45000,1,2025-01-20 02:00:00,Search
460,Knife,45000,1,2025-01-20 03:00:00,Search
461,Knife,45000,1,2025-01-20 04:00:00,Search
462,Knife,45000,1,2025-01-20 05:00:00,Search
463,Knife,45000,1,2025-01-20 06:00:00,Search
464,Knife,45000,1,2025-01-20 07:00:00,Search
465,Knife,45000,1,2025-01-20 08:00:00,Search
466,Knife,45000,1,2025-01-20 09:00:00,Search
467,Knife,45000,1,2025-01-20 10:00:00,Search
468,Knife,45000,1,2025-01-20 11:00:00,Search
469,Knife,45000,1,2025-01-20 12:00:00,Search
470,Knife,45000,1,2025-01-20 13:00:00,Search
471,Knife,45000,1,2025-01-20 14:00:00,Search
472,Knife,45000,1,2025-01-20 15:00:00,Search
473,Knife,45000,1,2025-01-20 16:00:00,Search
474,Knife,45000,1,2025-01-20 17:00:00,Search
475,Knife,45000,1,2025-01-20 18:00:00,Search
476,Knife,45000,1,2025-01-20 19:00:00,Search
477,Knife,45000,1,2025-01-20 20:00:00,Search
478,Knife,45000,1,2025-01-20 21:00:00,Search
479,Knife,45000,1,2025-01-20 22:00:00,Search
480,Knife,45000,1,2025-01-20 23:00:00,Search
481,Knife,45000,1,2025-01-21 00:00:00,Search
482,Knife,45000,1,2025-01-21 01:00:00,Search
483,Knife,45000,1,2025-01-21 02:00:00,Search
484,Knife,45000,1,2025-01-21 03:00:00,Search
485,Knife,45000,1,2025-01-21 04:00:00,Search
486,Knife,45000,1,2025-01-21 05:00:00,Search
487,Knife,45000,1,2025-01-21 06:00:00,Search
488,Knife,45000,1,2025-01-21 07:00:00,Search
489,Knife,45000,1,2025-01-21 08:00:00,Search
490,Knife,45000,1,2025-01-21 09:00:00,Search
491,Knife,45000,1,2025-01-21 10:00:00,Search
492,Knife,45000,1,2025-01-21 11:00:00,Search
493,Knife,45000,1,2025-01-21 12:00:00,Search
494,Knife,45000,1,2025-01-21 13:00:00,Search
495,Knife,45000,1,2025-01-21 14:00:00,Search
496,Knife,45000,1,2025-01-21 15:00:00,Search
497,Knife,45000,1,2025-01-21 16:00:00,Search
498,Knife,45000,1,2025-01-21 17:00:00,Search
499,Knife,45000,1,2025-01-21 18:00:00,Search
500,Knife,45000,1,2025-01-21 19:00:00,Search
501,Knife,45000,0,2025-01-21 20:00:00,Search
502,Knife,45000,0,2025-01-21 21:00:00,Search
503,Knife,45000,0,2025-01-21 22:00:00,Search
504,Knife,45000,0,2025-01-21 23:00:00,Search
505,Knife,45000,0,2025-01-22 00:00:00,Search
506,Knife,45000,0,2025-01-22 01:00:00,Search
507,Knife,45000,0,2025-01-22 02:00:00,Search
508,Knife,45000,0,2025-01-22 03:00:00,Search
509,Knife,45000,0,2025-01-22 04:00:00,Search
510,Knife,45000,0,2025-01-22 05:00:00,Search
511,Knife,45000,0,2025-01-22 06:00:00,Search
512,Knife,45000,0,2025-01-22 07:00:00,Search
513,Knife,45000,0,2025-01-22 08:00:00,Search
514,Knife,45000,0,2025-01-22 09:00:00,Search
515,Knife,45000,0,2025-01-22 10:00:00,Search
516,Knife,45000,0,2025-01-22 11:00:00,Search
517,Knife,45000,0,2025-01-22 12:00:00,Search
518,Knife,45000,0,2025-01-22 13:00:00,Search
519,Knife,45000,0,2025-01-22 14:00:00,Search
520,Knife,45000,0,2025-01-22 15:00:00,Search
521,Knife,45000,0,2025-01-22 16:00:00,Search
522,Knife,45000,0,2025-01-22 17:00:00,Search
523,Knife,45000,0,2025-01-22 18:00:00,Search
524,Knife,45000,0,2025-01-22 19:00:00,Search
525,Knife,45000,0,2025-01-22 20:00:00,Search
526,Knife,45000,0,2025-01-22 21:00:00,Search
527,Knife,45000,0,2025-01-22 22:00:00,Search
528,Knife,45000,0,2025-01-22 23:00:00,Search
529,Knife,45000,0,2025-01-23 00:00:00,Search
530,Knife,45000,0,2025-01-23 01:00:00,Search
531,Knife,45000,0,2025-01-23 02:00:00,Search
532,Knife,45000,0,2025-01-23 03:00:00,Search
533,Knife,45000,0,2025-01-23 04:00:00,Search
534,Knife,45000,0,2025-01-23 05:00:00,Search
535,Knife,45000,0,2025-01-23 06:00:00,Search
536,Knife,45000,0,2025-01-23 07:00:00,Search
537,Knife,45000,0,2025-01-23 08:00:00,Search
538,Knife,45000,0,2025-01-23 09:00:00,Search
539,Knife,45000,0,2025-01-23 10:00:00,Search
540,Knife,45000,0,2025-01-23 11:00:00,Search
541,Knife,45000,0,2025-01-23 12:00:00,Search
542,Knife,45000,0,2025-01-23 13:00:00,Search
543,Knife,45000,0,2025-01-23 14:00:00,Search
544,Knife,45000,0,2025-01-23 15:00:00,Search
545,Knife,45000,0,2025-01-23 16:00:00,Search
546,Knife,45000,0,2025-01-23 17:00:00,Search
547,Knife,45000,0,2025-01-23 18:00:00,Search
548,Knife,45000,0,2025-01-23 19:00:00,Search
549,Knife,45000,0,2025-01-23 20:00:00,Search
550,Knife,45000,0,2025-01-23 21:00:00,Search
551,Pressure Cooker,120000,1,2025-01-23 22:00:00,Search
552,Pressure Cooker,120000,1,2025-01-23 23:00:00,Search
553,Pressure Cooker,120000,1,2025-01-24 00:00:00,Search
554,Pressure Cooker,120000,1,2025-01-24 01:00:00,Search
555,Pressure Cooker,120000,1,2025-01-24 02:00:00,Search
556,Pressure Cooker,120000,1,2025-01-24 03:00:00,Search
557,Pressure Cooker,120000,1,2025-01-24 04:00:00,Search
558,Pressure Cooker,120000,1,2025-01-24 05:00:00,Search
559,Pressure Cooker,120000,1,2025-01-24 06:00:00,Search
560,Pressure Cooker,120000,1,2025-01-24 07:00:00,Search
561,Pressure Cooker,120000,1,2025-01-24 08:00:00,Search
562,Pressure Cooker,120000,1,2025-01-24 09:00:00,Search
563,Pressure Cooker,120000,1,2025-01-24 10:00:00,Search
564,Pressure Cooker,120000,1,2025-01-24 11:00:00,Search
565,Pressure Cooker,120000,1,2025-01-24 12:00:00,Search
566,Pressure Cooker,120000,1,2025-01-24 13:00:00,Search
567,Pressure Cooker,120000,1,2025-01-24 14:00:00,Search
568,Pressure Cooker,120000,1,2025-01-24 15:00:00,Search
569,Pressure Cooker,120000,1,2025-01-24 16:00:00,Search
570,Pressure Cooker,120000,1,2025-01-24 17:00:00,Search
571,Pressure Cooker,120000,1,2025-01-24 18:00:00,Search
572,Pressure Cooker,120000,1,2025-01-24 19:00:00,Search
573,Pressure Cooker,120000,1,2025-01-24 20:00:00,Search
574,Pressure Cooker,120000,1,2025-01-24 21:00:00,Search
575,Pressure Cooker,120000,1,2025-01-24 22:00:00,Search
576,Pressure Cooker,120000,1,2025-01-24 23:00:00,Search
577,Pressure Cooker,120000,1,2025-01-25 00:00:00,Search
578,Pressure Cooker,120000,1,2025-01-25 01:00:00,Search
579,Pressure Cooker,120000,1,2025-01-25 02:00:00,Search
580,Pressure Cooker,120000,1,2025-01-25 03:00:00,Search
581,Pressure Cooker,120000,1,2025-01-25 04:00:00,Search
582,Pressure Cooker,120000,1,2025-01-25 05:00:00,Search
583,Pressure Cooker,120000,1,2025-01-25 06:00:00,Search
584,Pressure Cooker,120000,1,2025-01-25 07:00:00,Search
585,Pressure Cooker,120000,1,2025-01-25 08:00:00,Search
586,Pressure Cooker,120000,1,2025-01-25 09:00:00,Search
587,Pressure Cooker,120000,1,2025-01-25 10:00:00,Search
588,Pressure Cooker,120000,1,2025-01-25 11:00:00,Search
589,Pressure Cooker,120000,1,2025-01-25 12:00:00,Search
590,Pressure Cooker,120000,1,2025-01-25 13:00:00,Search
591,Pressure Cooker,120000,1,2025-01-25 14:00:00,Search
592,Pressure Cooker,120000,1,2025-01-25 15:00:00,Search
593,Pressure Cooker,120000,1,2025-01-25 16:00:00,Search
594,Pressure Cooker,120000,1,2025-01-25 17:00:00,Search
595,Pressure Cooker,120000,1,2025-01-25 18:00:00,Search
596,Pressure Cooker,120000,1,2025-01-25 19:00:00,Search
597,Pressure Cooker,120000,1,2025-01-25 20:00:00,Search
598,Pressure Cooker,120000,1,2025-01-25 21:00:00,Search
599,Pressure Cooker,120000,1,2025-01-25 22:00:00,Search
600,Pressure Cooker,120000,1,2025-01-25 23:00:00,Search
601,Pressure Cooker,120000,1,2025-01-26 00:00:00,Search
602,Pressure Cooker,120000,1,2025-01-26 01:00:00,Search
603,Pressure Cooker,120000,1,2025-01-26 02:00:00,Search
604,Pressure Cooker,120000,1,2025-01-26 03:00:00,Search
605,Pressure Cooker,120000,1,2025-01-26 04:00:00,Search
606,Pressure Cooker,120000,1,2025-01-26 05:00:00,Search
607,Pressure Cooker,120000,1,2025-01-26 06:00:00,Search
608,Pressure Cooker,120000,1,2025-01-26 07:00:00,Search
609,Pressure Cooker,120000,1,2025-01-26 08:00:00,Search
610,Pressure Cooker,120000,1,2025-01-26 09:00:00,Search
611,Pressure Cooker,120000,1,2025-01-26 10:00:00,Search
612,Pressure Cooker,120000,1,2025-01-26 11:00:00,Search
613,Pressure Cooker,120000,1,2025-01-26 12:00:00,Search
614,Pressure Cooker,120000,1,2025-01-26 13:00:00,Search
615,Pressure Cooker,120000,1,2025-01-26 14:00:00,Search
616,Pressure Cooker,120000,1,2025-01-26 15:00:00,Search
617,Pressure Cooker,120000,1,2025-01-26 16:00:00,Search
618,Pressure Cooker,120000,1,2025-01-26 17:00:00,Search
619,Pressure Cooker,120000,1,2025-01-26 18:00:00,Search
620,Pressure Cooker,120000,1,2025-01-26 19:00:00,Search
621,Pressure Cooker,120000,1,2025-01-26 20:00:00,Search
622,Pressure Cooker,120000,1,2025-01-26 21:00:00,Search
623,Pressure Cooker,120000,1,2025-01-26 22:00:00,Search
624,Pressure Cooker,120000,1,2025-01-26 23:00:00,Search
625,Pressure Cooker,120000,1,2025-01-27 00:00:00,Search
626,Pressure Cooker,120000,1,2025-01-27 01:00:00,Search
627,Pressure Cooker,120000,1,2025-01-27 02:00:00,Search
628,Pressure Cooker,120000,1,2025-01-27 03:00:00,Search
629,Pressure Cooker,120000,1,2025-01-27 04:00:00,Search
630,Pressure Cooker,120000,1,2025-01-27 05:00:00,Search
631,Pressure Cooker,120000,1,2025-01-27 06:00:00,Search
632,Pressure Cooker,120000,1,2025-01-27 07:00:00,Search
633,Pressure Cooker,120000,1,2025-01-27 08:00:00,Search
634,Pressure Cooker,120000,1,2025-01-27 09:00:00,Search
635,Pressure Cooker,120000,1,2025-01-27 10:00:00,Search
636,Pressure Cooker,120000,1,2025-01-27 11:00:00,Search
637,Pressure Cooker,120000,1,2025-01-27 12:00:00,Search
638,Pressure Cooker,120000,1,2025-01-27 13:00:00,Search
639,Pressure Cooker,120000,1,2025-01-27 14:00:00,Search
640,Pressure Cooker,120000,1,2025-01-27 15:00:00,Search
641,Pressure Cooker,120000,1,2025-01-27 16:00:00,Search
642,Pressure Cooker,120000,1,2025-01-27 17:00:00,Search
643,Pressure Cooker,120000,1,2025-01-27 18:00:00,Search
644,Pressure Cooker,120000,1,2025-01-27 19:00:00,Search
645,Pressure Cooker,120000,1,2025-01-27 20:00:00,Search
646,Pressure Cooker,120000,1,2025-01-27 21:00:00,Search
647,Pressure Cooker,120000,1,2025-01-27 22:00:00,Search
648,Pressure Cooker,120000,1,2025-01-27 23:00:00,Search
649,Pressure Cooker,120000,1,2025-01-28 00:00:00,Search
650,Pressure Cooker,120000,1,2025-01-28 01:00:00,Search
651,Pressure Cooker,120000,1,2025-01-28 02:00:00,Search
652,Pressure Cooker,120000,1,2025-01-28 03:00:00,Search
653,Pressure Cooker,120000,1,2025-01-28 04:00:00,Search
654,Pressure Cooker,120000,1,2025-01-28 05:00:00,Search
655,Pressure Cooker,120000,1,2025-01-28 06:00:00,Search
656,Pressure Cooker,120000,1,2025-01-28 07:00:00,Search
657,Pressure Cooker,120000,1,2025-01-28 08:00:00,Search
658,Pressure Cooker,120000,1,2025-01-28 09:00:00,Search
659,Pressure Cooker,120000,1,2025-01-28 10:00:00,Search
660,Pressure Cooker,120000,1,2025-01-28 11:00:00,Search
661,Pressure Cooker,120000,1,2025-01-28 12:00:00,Search
662,Pressure Cooker,120000,1,2025-01-28 13:00:00,Search
663,Pressure Cooker,120000,1,2025-01-28 14:00:00,Search
664,Pressure Cooker,120000,1,2025-01-28 15:00:00,Search
665,Pressure Cooker,120000,1,2025-01-28 16:00:00,Search
666,Pressure Cooker,120000,1,2025-01-28 17:00:00,Search
667,Pressure Cooker,120000,1,2025-01-28 18:00:00,Search
668,Pressure Cooker,120000,1,2025-01-28 19:00:00,Search
669,Pressure Cooker,120000,1,2025-01-28 20:00:00,Search
670,Pressure Cooker,120000,1,2025-01-28 21:00:00,Search
671,Pressure Cooker,120000,1,2025-01-28 22:00:00,Search
672,Pressure Cooker,120000,1,2025-01-28 23:00:00,Search
673,Pressure Cooker,120000,1,2025-01-29 00:00:00,Search
674,Pressure Cooker,120000,1,2025-01-29 01:00:00,Search
675,Pressure Cooker,120000,1,2025-01-29 02:00:00,Search
676,Pressure Cooker,120000,1,2025-01-29 03:00:00,Search
677,Pressure Cooker,120000,1,2025-01-29 04:00:00,Search
678,Pressure Cooker,120000,1,2025-01-29 05:00:00,Search
679,Pressure Cooker,120000,1,2025-01-29 06:00:00,Search
680,Pressure Cooker,120000,1,2025-01-29 07:00:00,Search
681,Pressure Cooker,120000,1,2025-01-29 08:00:00,Search
682,Pressure Cooker,120000,1,2025-01-29 09:00:00,Search
683,Pressure Cooker,120000,1,2025-01-29 10:00:00,Search
684,Pressure Cooker,120000,1,2025-01-29 11:00:00,Search
685,Pressure Cooker,120000,1,2025-01-29 12:00:00,Search
686,Pressure Cooker,120000,1,2025-01-29 13:00:00,Search
687,Pressure Cooker,120000,1,2025-01-29 14:00:00,Search
688,Pressure Cooker,120000,1,2025-01-29 15:00:00,Search
689,Pressure Cooker,120000,1,2025-01-29 16:00:00,Search
690,Pressure Cooker,120000,1,2025-01-29 17:00:00,Search
691,Pressure Cooker,120000,1,2025-01-29 18:00:00,Search
692,Pressure Cooker,120000,1,2025-01-29 19:00:00,Search
693,Pressure Cooker,120000,1,2025-01-29 20:00:00,Search
694,Pressure Cooker,120000,1,2025-01-29 21:00:00,Search
695,Pressure Cooker,120000,1,2025-01-29 22:00:00,Search
696,Pressure Cooker,120000,1,2025-01-29 23:00:00,Search
697,Pressure Cooker,120000,1,2025-01-30 00:00:00,Search
698,Pressure Cooker,120000,1,2025-01-30 01:00:00,Search
699,Pressure Cooker,120000,1,2025-01-30 02:00:00,Search
700,Pressure Cooker,120000,1,2025-01-30 03:00:00,Search
701,Pressure Cooker,120000,1,2025-01-30 04:00:00,Search
702,Pressure Cooker,120000,1,2025-01-30 05:00:00,Search
703,Pressure Cooker,120000,1,2025-01-30 06:00:00,Search
704,Pressure Cooker,120000,1,2025-01-30 07:00:00,Search
705,Pressure Cooker,120000,1,2025-01-30 08:00:00,Search
706,Pressure Cooker,120000,1,2025-01-30 09:00:00,Search
707,Pressure Cooker,120000,1,2025-01-30 10:00:00,Search
708,Pressure Cooker,120000,1,2025-01-30 11:00:00,Search
709,Pressure Cooker,120000,1,2025-01-30 12:00:00,Search
710,Pressure Cooker,120000,1,2025-01-30 13:00:00,Search
711,Pressure Cooker,120000,1,2025-01-30 14:00:00,Search
712,Pressure Cooker,120000,1,2025-01-30 15:00:00,Search
713,Pressure Cooker,120000,1,2025-01-30 16:00:00,Search
714,Pressure Cooker,120000,1,2025-01-30 17:00:00,Search
715,Pressure Cooker,120000,1,2025-01-30 18:00:00,Search
716,Pressure Cooker,120000,1,2025-01-30 19:00:00,Search
717,Pressure Cooker,120000,1,2025-01-30 20:00:00,Search
718,Pressure Cooker,120000,1,2025-01-30 21:00:00,Search
719,Pressure Cooker,120000,1,2025-01-30 22:00:00,Search
720,Pressure Cooker,120000,1,2025-01-30 23:00:00,Search
721,Pressure Cooker,120000,1,2025-01-31 00:00:00,Search
722,Pressure Cooker,120000,1,2025-01-31 01:00:00,Search
723,Pressure Cooker,120000,1,2025-01-31 02:00:00,Search
724,Pressure Cooker,120000,1,2025-01-31 03:00:00,Search
725,Pressure Cooker,120000,1,2025-01-31 04:00:00,Search
726,Pressure Cooker,120000,1,2025-01-31 05:00:00,Search
727,Pressure Cooker,120000,1,2025-01-31 06:00:00,Search
728,Pressure Cooker,120000,1,2025-01-31 07:00:00,Search
729,Pressure Cooker,120000,1,2025-01-31 08:00:00,Search
730,Pressure Cooker,120000,1,2025-01-31 09:00:00,Search
731,Pressure Cooker,120000,1,2025-01-31 10:00:00,Search
732,Pressure Cooker,120000,1,2025-01-31 11:00:00,Search
733,Pressure Cooker,120000,1,2025-01-31 12:00:00,Search
734,Pressure Cooker,120000,1,2025-01-31 13:00:00,Search
735,Pressure Cooker,120000,1,2025-01-31 14:00:00,Search
736,Pressure Cooker,120000,1,2025-01-31 15:00:00,Search
737,Pressure Cooker,120000,1,2025-01-31 16:00:00,Search
738,Pressure Cooker,120000,1,2025-01-31 17:00:00,Search
739,Pressure Cooker,120000,1,2025-01-31 18:00:00,Search
740,Pressure Cooker,120000,1,2025-01-31 19:00:00,Search
741,Pressure Cooker,120000,1,2025-01-31 20:00:00,Search
742,Pressure Cooker,120000,1,2025-01-31 21:00:00,Search
743,Pressure Cooker,120000,1,2025-01-31 22:00:00,Search
744,Pressure Cooker,120000,1,2025-01-31 23:00:00,Search
745,Pressure Cooker,120000,1,2025-02-01 00:00:00,Search
746,Pressure Cooker,120000,1,2025-02-01 01:00:00,Search
747,Pressure Cooker,120000,1,2025-02-01 02:00:00,Search
748,Pressure Cooker,120000,1,2025-02-01 03:00:00,Search
749,Pressure Cooker,120000,1,2025-02-01 04:00:00,Search
750,Pressure Cooker,120000,1,2025-02-01 05:00:00,Search
751,Pressure Cooker,120000,1,2025-02-01 06:00:00,Search
752,Pressure Cooker,120000,1,2025-02-01 07:00:00,Search
753,Pressure Cooker,120000,1,2025-02-01 08:00:00,Search
754,Pressure Cooker,120000,1,2025-02-01 09:00:00,Search
755,Pressure Cooker,120000,1,2025-02-01 10:00:00,Search
756,Pressure Cooker,120000,1,2025-02-01 11:00:00,Search
757,Pressure Cooker,120000,1,2025-02-01 12:00:00,Search
758,Pressure Cooker,120000,1,2025-02-01 13:00:00,Search
759,Pressure Cooker,120000,1,2025-02-01 14:00:00,Search
760,Pressure Cooker,120000,1,2025-02-01 15:00:00,Search
761,Pressure Cooker,120000,1,2025-02-01 16:00:00,Search
762,Pressure Cooker,120000,1,2025-02-01 17:00:00,Search
763,Pressure Cooker,120000,1,2025-02-01 18:00:00,Search
764,Pressure Cooker,120000,1,2025-02-01 19:00:00,Search
765,Pressure Cooker,120000,1,2025-02-01 20:00:00,Search
766,Pressure Cooker,120000,1,2025-02-01 21:00:00,Search
767,Pressure Cooker,120000,1,2025-02-01 22:00:00,Search
768,Pressure Cooker,120000,1,2025-02-01 23:00:00,Search
769,Pressure Cooker,120000,1,2025-02-02 00:00:00,Search
770,Pressure Cooker,120000,1,2025-02-02 01:00:00,Search
771,Pressure Cooker,120000,1,2025-02-02 02:00:00,Search
772,Pressure Cooker,120000,1,2025-02-02 03:00:00,Search
773,Pressure Cooker,120000,1,2025-02-02 04:00:00,Search
774,Pressure Cooker,120000,1,2025-02-02 05:00:00,Search
775,Pressure Cooker,120000,1,2025-02-02 06:00:00,Search
776,Pressure Cooker,120000,1,2025-02-02 07:00:00,Search
777,Pressure Cooker,120000,1,2025-02-02 08:00:00,Search
778,Pressure Cooker,120000,1,2025-02-02 09:00:00,Search
779,Pressure Cooker,120000,1,2025-02-02 10:00:00,Search
780,Pressure Cooker,120000,1,2025-02-02 11:00:00,Search
781,Pressure Cooker,120000,1,2025-02-02 12:00:00,Search
782,Pressure Cooker,120000,1,2025-02-02 13:00:00,Search
783,Pressure Cooker,120000,1,2025-02-02 14:00:00,Search
784,Pressure Cooker,120000,1,2025-02-02 15:00:00,Search
785,Pressure Cooker,120000,1,2025-02-02 16:00:00,Search
786,Pressure Cooker,120000,1,2025-02-02 17:00:00,Search
787,Pressure Cooker,120000,1,2025-02-02 18:00:00,Search
788,Pressure Cooker,120000,1,2025-02-02 19:00:00,Search
789,Pressure Cooker,120000,1,2025-02-02 20:00:00,Search
790,Pressure Cooker,120000,1,2025-02-02 21:00:00,Search
791,Pressure Cooker,120000,1,2025-02-02 22:00:00,Search
792,Pressure Cooker,120000,1,2025-02-02 23:00:00,Search
793,Pressure Cooker,120000,1,2025-02-03 00:00:00,Search
794,Pressure Cooker,120000,1,2025-02-03 01:00:00,Search
795,Pressure Cooker,120000,1,2025-02-03 02:00:00,Search
796,Pressure Cooker,120000,1,2025-02-03 03:00:00,Search
797,Pressure Cooker,120000,1,2025-02-03 04:00:00,Search
798,Pressure Cooker,120000,1,2025-02-03 05:00:00,Search
799,Pressure Cooker,120000,1,2025-02-03 06:00:00,Search
800,Pressure Cooker,120000,1,2025-02-03 07:00:00,Search
801,Pressure Cooker,120000,1,2025-02-03 08:00:00,Display
802,Pressure Cooker,120000,1,2025-02-03 09:00:00,Display
803,Pressure Cooker,120000,1,2025-02-03 10:00:00,Display
804,Pressure Cooker,120000,1,2025-02-03 11:00:00,Display
805,Pressure Cooker,120000,1,2025-02-03 12:00:00,Display
806,Pressure Cooker,120000,1,2025-02-03 13:00:00,Display
807,Pressure Cooker,120000,1,2025-02-03 14:00:00,Display
808,Pressure Cooker,120000,1,2025-02-03 15:00:00,Display
809,Pressure Cooker,120000,1,2025-02-03 16:00:00,Display
810,Pressure Cooker,120000,1,2025-02-03 17:00:00,Display
811,Pressure Cooker,120000,1,2025-02-03 18:00:00,Display
812,Pressure Cooker,120000,1,2025-02-03 19:00:00,Display
813,Pressure Cooker,120000,1,2025-02-03 20:00:00,Display
814,Pressure Cooker,120000,1,2025-02-03 21:00:00,Display
815,Pressure Cooker,120000,1,2025-02-03 22:00:00,Display
816,Pressure Cooker,120000,1,2025-02-03 23:00:00,Display
817,Pressure Cooker,120000,1,2025-02-04 00:00:00,Display
818,Pressure Cooker,120000,1,2025-02-04 01:00:00,Display
819,Pressure Cooker,120000,1,2025-02-04 02:00:00,Display
820,Pressure Cooker,120000,1,2025-02-04 03:00:00,Display
821,Pressure Cooker,120000,1,2025-02-04 04:00:00,Display
822,Pressure Cooker,120000,1,2025-02-04 05:00:00,Display
823,Pressure Cooker,120000,1,2025-02-04 06:00:00,Display
824,Pressure Cooker,120000,1,2025-02-04 07:00:00,Display
825,Pressure Cooker,120000,1,2025-02-04 08:00:00,Display
826,Pressure Cooker,120000,1,2025-02-04 09:00:00,Display
827,Pressure Cooker,120000,1,2025-02-04 10:00:00,Display
828,Pressure Cooker,120000,1,2025-02-04 11:00:00,Display
829,Pressure Cooker,120000,1,2025-02-04 12:00:00,Display
830,Pressure Cooker,120000,1,2025-02-04 13:00:00,Display
831,Pressure Cooker,120000,0,2025-02-04 14:00:00,Display
832,Pressure Cooker,120000,0,2025-02-04 15:00:00,Display
833,Pressure Cooker,120000,0,2025-02-04 16:00:00,Display
834,Pressure Cooker,120000,0,2025-02-04 17:00:00,Display
835,Pressure Cooker,120000,0,2025-02-04 18:00:00,Display
836,Pressure Cooker,120000,0,2025-02-04 19:00:00,Display
837,Pressure Cooker,120000,0,2025-02-04 20:00:00,Display
838,Pressure Cooker,120000,0,2025-02-04 21:00:00,Display
839,Pressure Cooker,120000,0,2025-02-04 22:00:00,Display
840,Pressure Cooker,120000,0,2025-02-04 23:00:00,Display
841,Pressure Cooker,120000,0,2025-02-05 00:00:00,Display
842,Pressure Cooker,120000,0,2025-02-05 01:00:00,Display
843,Pressure Cooker,120000,0,2025-02-05 02:00:00,Display
844,Pressure Cooker,120000,0,2025-02-05 03:00:00,Display
845,Pressure Cooker,120000,0,2025-02-05 04:00:00,Display
846,Pressure Cooker,120000,0,2025-02-05 05:00:00,Display
847,Pressure Cooker,120000,0,2025-02-05 06:00:00,Display
848,Pressure Cooker,120000,0,2025-02-05 07:00:00,Display
849,Pressure Cooker,120000,0,2025-02-05 08:00:00,Display
850,Pressure Cooker,120000,0,2025-02-05 09:00:00,Display
851,Pressure Cooker,120000,0,2025-02-05 10:00:00,Display
852,Pressure Cooker,120000,0,2025-02-05 11:00:00,Display
853,Pressure Cooker,120000,0,2025-02-05 12:00:00,Display
854,Pressure Cooker,120000,0,2025-02-05 13:00:00,Display
855,Pressure Cooker,120000,0,2025-02-05 14:00:00,Display
856,Pressure Cooker,120000,0,2025-02-05 15:00:00,Display
857,Pressure Cooker,120000,0,2025-02-05 16:00:00,Display
858,Pressure Cooker,120000,0,2025-02-05 17:00:00,Display
859,Pressure Cooker,120000,0,2025-02-05 18:00:00,Display
860,Pressure Cooker,120000,0,2025-02-05 19:00:00,Display
861,Pressure Cooker,120000,0,2025-02-05 20:00:00,Display
862,Pressure Cooker,120000,0,2025-02-05 21:00:00,Display
863,Pressure Cooker,120000,0,2025-02-05 22:00:00,Display
864,Pressure Cooker,120000,0,2025-02-05 23:00:00,Display
865,Pressure Cooker,120000,0,2025-02-06 00:00:00,Display
866,Pressure Cooker,120000,0,2025-02-06 01:00:00,Display
867,Pressure Cooker,120000,0,2025-02-06 02:00:00,Display
868,Pressure Cooker,120000,0,2025-02-06 03:00:00,Display
869,Pressure Cooker,120000,0,2025-02-06 04:00:00,Display
870,Pressure Cooker,120000,0,2025-02-06 05:00:00,Display
871,Pressure Cooker,120000,0,2025-02-06 06:00:00,Display
872,Pressure Cooker,120000,0,2025-02-06 07:00:00,Display
873,Pressure Cooker,120000,0,2025-02-06 08:00:00,Display
874,Pressure Cooker,120000,0,2025-02-06 09:00:00,Display
875,Pressure Cooker,120000,0,2025-02-06 10:00:00,Display
876,Pressure Cooker,120000,0,2025-02-06 11:00:00,Display
877,Pressure Cooker,120000,0,2025-02-06 12:00:00,Display
878,Pressure Cooker,120000,0,2025-02-06 13:00:00,Display
879,Pressure Cooker,120000,0,2025-02-06 14:00:00,Display
880,Pressure Cooker,120000,0,2025-02-06 15:00:00,Display
881,Pressure Cooker,120000,0,2025-02-06 16:00:00,Display
882,Pressure Cooker,120000,0,2025-02-06 17:00:00,Display
883,Pressure Cooker,120000,0,2025-02-06 18:00:00,Display
884,Pressure Cooker,120000,0,2025-02-06 19:00:00,Display
885,Pressure Cooker,120000,0,2025-02-06 20:00:00,Display
886,Pressure Cooker,120000,0,2025-02-06 21:00:00,Display
887,Pressure Cooker,120000,0,2025-02-06 22:00:00,Display
888,Pressure Cooker,120000,0,2025-02-06 23:00:00,Display
889,Pressure Cooker,120000,0,2025-02-07 00:00:00,Display
890,Pressure Cooker,120000,0,2025-02-07 01:00:00,Display
891,Pressure Cooker,120000,0,2025-02-07 02:00:00,Display
892,Pressure Cooker,120000,0,2025-02-07 03:00:00,Display
893,Pressure Cooker,120000,0,2025-02-07 04:00:00,Display
894,Pressure Cooker,120000,0,2025-02-07 05:00:00,Display
895,Pressure Cooker,120000,0,2025-02-07 06:00:00,Display
896,Pressure Cooker,120000,0,2025-02-07 07:00:00,Display
897,Pressure Cooker,120000,0,2025-02-07 08:00:00,Display
898,Pressure Cooker,120000,0,2025-02-07 09:00:00,Display
899,Pressure Cooker,120000,0,2025-02-07 10:00:00,Display
900,Pressure Cooker,120000,0,2025-02-07 11:00:00,Display
901,Lid,25000,1,2025-02-07 12:00:00,Display
902,Lid,25000,1,2025-02-07 13:00:00,Display
903,Lid,25000,1,2025-02-07 14:00:00,Display
904,Lid,25000,1,2025-02-07 15:00:00,Display
905,Lid,25000,1,2025-02-07 16:00:00,Display
906,Lid,25000,1,2025-02-07 17:00:00,Display
907,Lid,25000,1,2025-02-07 18:00:00,Display
908,Lid,25000,1,2025-02-07 19:00:00,Display
909,Lid,25000,1,2025-02-07 20:00:00,Display
910,Lid,25000,1,2025-02-07 21:00:00,Display
911,Lid,25000,1,2025-02-07 22:00:00,Display
912,Lid,25000,1,2025-02-07 23:00:00,Display
913,Lid,25000,1,2025-02-08 00:00:00,Display
914,Lid,25000,1,2025-02-08 01:00:00,Display
915,Lid,25000,1,2025-02-08 02:00:00,Display
916,Lid,25000,1,2025-02-08 03:00:00,Display
917,Lid,25000,1,2025-02-08 04:00:00,Display
918,Lid,25000,1,2025-02-08 05:00:00,Display
919,Lid,25000,1,2025-02-08 06:00:00,Display
920,Lid,25000,1,2025-02-08 07:00:00,Display
921,Lid,25000,1,2025-02-08 08:00:00,Display
922,Lid,25000,1,2025-02-08 09:00:00,Display
923,Lid,25000,1,2025-02-08 10:00:00,Display
924,Lid,25000,1,2025-02-08 11:00:00,Display
925,Lid,25000,1,2025-02-08 12:00:00,Display
926,Lid,25000,1,2025-02-08 13:00:00,Display
927,Lid,25000,1,2025-02-08 14:00:00,Display
928,Lid,25000,1,2025-02-08 15:00:00,Display
929,Lid,25000,1,2025-02-08 16:00:00,Display
930,Lid,25000,1,2025-02-08 17:00:00,Display
931,Lid,25000,1,2025-02-08 18:00:00,Display
932,Lid,25000,1,2025-02-08 19:00:00,Display
933,Lid,25000,1,2025-02-08 20:00:00,Display
934,Lid,25000,1,2025-02-08 21:00:00,Display
935,Lid,25000,1,2025-02-08 22:00:00,Display
936,Lid,25000,1,2025-02-08 23:00:00,Display
937,Lid,25000,1,2025-02-09 00:00:00,Display
938,Lid,25000,1,2025-02-09 01:00:00,Display
939,Lid,25000,1,2025-02-09 02:00:00,Display
940,Lid,25000,1,2025-02-09 03:00:00,Display
941,Lid,25000,1,2025-02-09 04:00:00,Display
942,Lid,25000,1,2025-02-09 05:00:00,Display
943,Lid,25000,1,2025-02-09 06:00:00,Display
944,Lid,25000,1,2025-02-09 07:00:00,Display
945,Lid,25000,1,2025-02-09 08:00:00,Display
946,Lid,25000,1,2025-02-09 09:00:00,Display
947,Lid,25000,1,2025-02-09 10:00:00,Display
948,Lid,25000,1,2025-02-09 11:00:00,Display
949,Lid,25000,1,2025-02-09 12:00:00,Display
950,Lid,25000,1,2025-02-09 13:00:00,Display
951,Lid,25000,1,2025-02-09 14:00:00,Display
952,Lid,25000,1,2025-02-09 15:00:00,Display
953,Lid,25000,1,2025-02-09 16:00:00,Display
954,Lid,25000,1,2025-02-09 17:00:00,Display
955,Lid,25000,1,2025-02-09 18:00:00,Display
956,Lid,25000,1,2025-02-09 19:00:00,Display
957,Lid,25000,1,2025-02-09 20:00:00,Display
958,Lid,25000,1,2025-02-09 21:00:00,Display
959,Lid,25000,1,2025-02-09 22:00:00,Display
960,Lid,25000,1,2025-02-09 23:00:00,Display
961,Lid,25000,1,2025-02-10 00:00:00,Display
962,Lid,25000,1,2025-02-10 01:00:00,Display
963,Lid,25000,1,2025-02-10 02:00:00,Display
964,Lid,25000,1,2025-02-10 03:00:00,Display
965,Lid,25000,1,2025-02-10 04:00:00,Display
966,Lid,25000,1,2025-02-10 05:00:00,Display
967,Lid,25000,1,2025-02-10 06:00:00,Display
968,Lid,25000,1,2025-02-10 07:00:00,Display
969,Lid,25000,1,2025-02-10 08:00:00,Display
970,Lid,25000,1,2025-02-10 09:00:00,Display
971,Lid,25000,1,2025-02-10 10:00:00,Display
972,Lid,25000,1,2025-02-10 11:00:00,Display
973,Lid,25000,1,2025-02-10 12:00:00,Display
974,Lid,25000,1,2025-02-10 13:00:00,Display
975,Lid,25000,1,2025-02-10 14:00:00,Display
976,Lid,25000,1,2025-02-10 15:00:00,Display
977,Lid,25000,1,2025-02-10 16:00:00,Display
978,Lid,25000,1,2025-02-10 17:00:00,Display
979,Lid,25000,1,2025-02-10 18:00:00,Display
980,Lid,25000,1,2025-02-10 19:00:00,Display
981,Lid,25000,0,2025-02-10 20:00:00,Display
982,Lid,25000,0,2025-02-10 21:00:00,Display
983,Lid,25000,0,2025-02-10 22:00:00,Display
984,Lid,25000,0,2025-02-10 23:00:00,Display
985,Lid,25000,0,2025-02-11 00:00:00,Display
986,Lid,25000,0,2025-02-11 01:00:00,Display
987,Lid,25000,0,2025-02-11 02:00:00,Display
988,Lid,25000,0,2025-02-11 03:00:00,Display
989,Lid,25000,0,2025-02-11 04:00:00,Display
990,Lid,25000,0,2025-02-11 05:00:00,Display
991,Lid,25000,0,2025-02-11 06:00:00,Display
992,Lid,25000,0,2025-02-11 07:00:00,Display
993,Lid,25000,0,2025-02-11 08:00:00,Display
994,Lid,25000,0,2025-02-11 09:00:00,Display
995,Lid,25000,0,2025-02-11 10:00:00,Display
996,Lid,25000,0,2025-02-11 11:00:00,Display
997,Lid,25000,0,2025-02-11 12:00:00,Display
998,Lid,25000,0,2025-02-11 13:00:00,Display
999,Lid,25000,0,2025-02-11 14:00:00,Display
1000,Lid,25000,0,2025-02-11 15:00:00,Display
